[
  {
    "name": "The Kashmir Mercantile Cooperative Bank Ltd Sopore",
    "state": "Andhra Pradesh",
    "category": "Urban Co-operative Banks"
  },
  {
    "name": "The Citizen Cooperative Bank Ltd Jammu",
    "state": "Andhra Pradesh",
    "category": "Urban Co-operative Banks"
  },
  {
    "name": "Devika Urban Coop. Bank Ltd. Udhampur",
    "state": "Andhra Pradesh",
    "category": "Urban Co-operative Banks"
  },
  {
    "name": "Urban Cooperative Bank ltd Anantnag",
    "state": "Andhra Pradesh",
    "category": "Urban Co-operative Banks"
  },
  {
    "name": "The Parwanoo Urban Cooperative Bank",
    "state": "Arunachal Pradesh",
    "category": "Urban Co-operative Banks"
  },
  {
    "name": "The Baghat Urban Cooperative Bank",
    "state": "Arunachal Pradesh",
    "category": "Urban Co-operative Banks"
  },
  {
    "name": "The Shimla Urban cooperative bank Ltd Shimla1 HP",
    "state": "Arunachal Pradesh",
    "category": "Urban Co-operative Banks"
  },
  {
    "name": "The Mandi Urban Cooperative Bank Ltd. Mandi",
    "state": "Arunachal Pradesh",
    "category": "Urban Co-operative Banks"
  },
  {
    "name": "The Chamba urban Cooperative Bank Ltd Chamba PO Chamba Tehsil and District Chamba HP",
    "state": "Arunachal Pradesh",
    "category": "Urban Co-operative Banks"
  },
  {
    "name": "HINDU COOPERATIVE BANK LIMITED",
    "state": "Assam",
    "category": "Urban Co-operative Banks"
  },
  {
    "name": "The Tapa Primary Cooperative Agricultural Development Bank Limited Tapa",
    "state": "Assam",
    "category": "Urban Co-operative Banks"
  },
  {
    "name": "The P.A.D.B Banala",
    "state": "Assam",
    "category": "Urban Co-operative Banks"
  },
  {
    "name": "The Muktsar Cooperative Urban Bank Ltd Shri Muktsar Sahib",
    "state": "Assam",
    "category": "Urban Co-operative Banks"
  },
  {
    "name": "The imperial urban cooperative bank ltd",
    "state": "Assam",
    "category": "Urban Co-operative Banks"
  },
  {
    "name": "The Amritsar Urban Cooperative Bank Ltd",
    "state": "Assam",
    "category": "Urban Co-operative Banks"
  },
  {
    "name": "The Nakodar Hindu Urban Co -op Bank Ltd.",
    "state": "Assam",
    "category": "Urban Co-operative Banks"
  },
  {
    "name": "The Citizen Urban Coop. Bank ltd. Jalandhar",
    "state": "Assam",
    "category": "Urban Co-operative Banks"
  },
  {
    "name": "The Nakodar Primary Cooperative Agricultural Development Bank ltd. Nakodar",
    "state": "Assam",
    "category": "Urban Co-operative Banks"
  },
  {
    "name": "The Chandigarh Urban Cooperative Bank Limited",
    "state": "Bihar",
    "category": "Urban Co-operative Banks"
  },
  {
    "name": "THE CHANDIGARH MAHILA URBAN COOPERATIVE BANK LIMITED",
    "state": "Bihar",
    "category": "Urban Co-operative Banks"
  },
  {
    "name": "The Kurmanchal Nagar Sahkari Bank Ltd",
    "state": "Chhattisgarh",
    "category": "Urban Co-operative Banks"
  },
  {
    "name": "UTTRAKHAND COOPERATIVE BANK LTD",
    "state": "Chhattisgarh",
    "category": "Urban Co-operative Banks"
  },
  {
    "name": "URBAN CO-OPERATIVE BANK LTD.,DEHRADUN",
    "state": "Chhattisgarh",
    "category": "Urban Co-operative Banks"
  },
  {
    "name": "kashipur urban co-operative bank ltd",
    "state": "Chhattisgarh",
    "category": "Urban Co-operative Banks"
  },
  {
    "name": "ALOMRA URBAN COOPERATIVE BANK LTD",
    "state": "Chhattisgarh",
    "category": "Urban Co-operative Banks"
  },
  {
    "name": "Urban Cooperative Bank New Tehri",
    "state": "Chhattisgarh",
    "category": "Urban Co-operative Banks"
  },
  {
    "name": "The Karan Urban Coop. Bank Ltd. Karnal.",
    "state": "Goa",
    "category": "Urban Co-operative Banks"
  },
  {
    "name": "The Ambala Urban Cooperative  Bank Ltd. Ambala",
    "state": "Goa",
    "category": "Urban Co-operative Banks"
  },
  {
    "name": "The Sonipat Urban Bank",
    "state": "Goa",
    "category": "Urban Co-operative Banks"
  },
  {
    "name": "THE PANCHKULA URBAN COOPERATIVE BANK LTD PANCHKULA",
    "state": "Goa",
    "category": "Urban Co-operative Banks"
  },
  {
    "name": "THE KURUKSHETRA URBAN COOPERATIVE BANK LTD KURUKSHETRA",
    "state": "Goa",
    "category": "Urban Co-operative Banks"
  },
  {
    "name": "THE ROHTAK MAHILA URBAN COOP. BANK LTD. ROHTAK",
    "state": "Goa",
    "category": "Urban Co-operative Banks"
  },
  {
    "name": "Hisar Urban Cooperative Bank Ltd. Hisar",
    "state": "Goa",
    "category": "Urban Co-operative Banks"
  },
  {
    "name": "INNOVATIVE CO-OPERAIVE URBAN BANK LTD.",
    "state": "Gujarat",
    "category": "Urban Co-operative Banks"
  },
  {
    "name": "DELHI NAGRIK SEHKARI BANK LTD.",
    "state": "Gujarat",
    "category": "Urban Co-operative Banks"
  },
  {
    "name": "PARISHADCO-OPEARATIVE BANK LTD.",
    "state": "Gujarat",
    "category": "Urban Co-operative Banks"
  },
  {
    "name": "JAI LAXMI COOPERATIVE BANK LTD.",
    "state": "Gujarat",
    "category": "Urban Co-operative Banks"
  },
  {
    "name": "THE CITIZEN CO-OPERATIVE BANK LTD.",
    "state": "Gujarat",
    "category": "Urban Co-operative Banks"
  },
  {
    "name": "THE VAISH CO-OPERATIVE NEW BANK LTD.",
    "state": "Gujarat",
    "category": "Urban Co-operative Banks"
  },
  {
    "name": "RAMGARHIA CO-OPERATIVE BANK LTD.",
    "state": "Gujarat",
    "category": "Urban Co-operative Banks"
  },
  {
    "name": "THE JANTA CO-OPERATIVE BANK LTD.",
    "state": "Gujarat",
    "category": "Urban Co-operative Banks"
  },
  {
    "name": "The Khatri Co-operative Urban Bank Ltd.",
    "state": "Gujarat",
    "category": "Urban Co-operative Banks"
  },
  {
    "name": "INDRAPRASTHA SEHKARI BANK LTD.",
    "state": "Gujarat",
    "category": "Urban Co-operative Banks"
  },
  {
    "name": "JAMIA CO-OPERATIVE BANK LTD.",
    "state": "Gujarat",
    "category": "Urban Co-operative Banks"
  },
  {
    "name": "KESHAV SEHKARI BANK LTD.",
    "state": "Gujarat",
    "category": "Urban Co-operative Banks"
  },
  {
    "name": "THE KANGRA CO-OPERATIVE BANK LTD.",
    "state": "Gujarat",
    "category": "Urban Co-operative Banks"
  },
  {
    "name": "Jain Co-Operative Bank Ltd.",
    "state": "Gujarat",
    "category": "Urban Co-operative Banks"
  },
  {
    "name": "NATIONAL URBAN CO-OPERATIVE BANK LTD.",
    "state": "Gujarat",
    "category": "Urban Co-operative Banks"
  },
  {
    "name": "THE  DELHI STATE CO-OPERATIVE BANK LTD.",
    "state": "Gujarat",
    "category": "Urban Co-operative Banks"
  },
  {
    "name": "THE VAISH CO-OPERATIVE ADARSH BANK LTD",
    "state": "Gujarat",
    "category": "Urban Co-operative Banks"
  },
  {
    "name": "ALWAR URBAN COOPERATIVE BANK",
    "state": "Haryana",
    "category": "Urban Co-operative Banks"
  },
  {
    "name": "THE UDAIPUR MAHILA SAMRIDHI URBAN CO- OPERATIVE BANK LTD",
    "state": "Haryana",
    "category": "Urban Co-operative Banks"
  },
  {
    "name": "THE UDAIPUR MAHILA URBAN COOPERATIVE BANK LTD",
    "state": "Haryana",
    "category": "Urban Co-operative Banks"
  },
  {
    "name": "THE RAILWAY EMPLOYEE URBAN COOPERATIVE BANK LTD.",
    "state": "Haryana",
    "category": "Urban Co-operative Banks"
  },
  {
    "name": "STERLING URBAN COOPERATIVE BANK LTD.",
    "state": "Haryana",
    "category": "Urban Co-operative Banks"
  },
  {
    "name": "THE RAJPUTAN MAHILA URBAN COOP BANK LTD",
    "state": "Haryana",
    "category": "Urban Co-operative Banks"
  },
  {
    "name": "intergral urban cooprative bank ltd",
    "state": "Haryana",
    "category": "Urban Co-operative Banks"
  },
  {
    "name": "JALORE NAGRIK SAHAKARI BANK LIMITED",
    "state": "Haryana",
    "category": "Urban Co-operative Banks"
  },
  {
    "name": "THE UDAIPUR URBAN CO-OPERATIVE BANK LTD, UDAIPUR",
    "state": "Haryana",
    "category": "Urban Co-operative Banks"
  },
  {
    "name": "CHITTORGARH URBAN CO-OPERATIVE BNAK LTD., CHITTORGARH",
    "state": "Haryana",
    "category": "Urban Co-operative Banks"
  },
  {
    "name": "BHILWARA MAHILA URBAN COOPERATIVE BANK LTD BHILWARA",
    "state": "Haryana",
    "category": "Urban Co-operative Banks"
  },
  {
    "name": "BHILWARA URBAN COOPERATIVE BANK LTD BHILWARA",
    "state": "Haryana",
    "category": "Urban Co-operative Banks"
  },
  {
    "name": "VAISHALI URBAN COOPERATIVE BANK LTD.",
    "state": "Haryana",
    "category": "Urban Co-operative Banks"
  },
  {
    "name": "JAIPUR JILA SAHAKRI BHOMI VIKAS BANK LTD.",
    "state": "Haryana",
    "category": "Urban Co-operative Banks"
  },
  {
    "name": "THE JAIPUR CENTRAL COOPERATIVE BAMK LTD.",
    "state": "Haryana",
    "category": "Urban Co-operative Banks"
  },
  {
    "name": "MALVIYA URBAN COOPERATIVE BAMK LTD.",
    "state": "Haryana",
    "category": "Urban Co-operative Banks"
  },
  {
    "name": "THE RAJASTHA URBAN COOPERATIVE BANK LTD.",
    "state": "Haryana",
    "category": "Urban Co-operative Banks"
  },
  {
    "name": "THE EAILWAY EMPLOYEES COOPERATIVE BAMK LTD.",
    "state": "Haryana",
    "category": "Urban Co-operative Banks"
  },
  {
    "name": "THE RAJLAXMI MAHILA URBAN COOPERATIVE BAMK LTD.",
    "state": "Haryana",
    "category": "Urban Co-operative Banks"
  },
  {
    "name": "SIKAR URBAN COPERATIVEBANK LTD SIKAR",
    "state": "Haryana",
    "category": "Urban Co-operative Banks"
  },
  {
    "name": "URBAN COOPERATIVE BANK LTD AJMER",
    "state": "Haryana",
    "category": "Urban Co-operative Banks"
  },
  {
    "name": "Pali Urban Co-Operative Bank Ltd",
    "state": "Haryana",
    "category": "Urban Co-operative Banks"
  },
  {
    "name": "BEAWAR URBAN COOPERATIVE BANK LTD",
    "state": "Haryana",
    "category": "Urban Co-operative Banks"
  },
  {
    "name": "NAGAUR URBAN COOPERATIVE BANK LIMITED",
    "state": "Haryana",
    "category": "Urban Co-operative Banks"
  },
  {
    "name": "Balotra Urban co operative Ltd, Balotra",
    "state": "Haryana",
    "category": "Urban Co-operative Banks"
  },
  {
    "name": "Bhadohi Urban Co - operative Bank Ltd",
    "state": "Himachal Pradesh",
    "category": "Urban Co-operative Banks"
  },
  {
    "name": "GOMTI NAGARIYA SAHAKARI BANK",
    "state": "Himachal Pradesh",
    "category": "Urban Co-operative Banks"
  },
  {
    "name": "URBAN COOPERATIVE BANK LTD SITAPUR",
    "state": "Himachal Pradesh",
    "category": "Urban Co-operative Banks"
  },
  {
    "name": "Rani Laxmibai Urban Cooperative Bank Ltd. Jhansi",
    "state": "Himachal Pradesh",
    "category": "Urban Co-operative Banks"
  },
  {
    "name": "BANARAS MERCHANTILR CO-OPERETIVE BANK LTD , VARANASI",
    "state": "Himachal Pradesh",
    "category": "Urban Co-operative Banks"
  },
  {
    "name": "URBAN COOPERATIVE BANK LTD., MAINPURI",
    "state": "Himachal Pradesh",
    "category": "Urban Co-operative Banks"
  },
  {
    "name": "united india cooperative bank ltd. nagina",
    "state": "Himachal Pradesh",
    "category": "Urban Co-operative Banks"
  },
  {
    "name": "Etawah urban co-operative bank ltd.",
    "state": "Himachal Pradesh",
    "category": "Urban Co-operative Banks"
  },
  {
    "name": "Banda Urban Cooperative Bank Ltd. Banda",
    "state": "Himachal Pradesh",
    "category": "Urban Co-operative Banks"
  },
  {
    "name": "Purvanchal Co-operative Bank Ltd Ghazipur",
    "state": "Himachal Pradesh",
    "category": "Urban Co-operative Banks"
  },
  {
    "name": "510 army base work shop credit co-operativ private bank ltd meerut cant",
    "state": "Himachal Pradesh",
    "category": "Urban Co-operative Banks"
  },
  {
    "name": "SONBHADRA NAGAR SAHKARI BANK LTD",
    "state": "Himachal Pradesh",
    "category": "Urban Co-operative Banks"
  },
  {
    "name": "NOIDA COMMERCIAL COOPERATIVE BANK LIMITED GHAZIABAD",
    "state": "Himachal Pradesh",
    "category": "Urban Co-operative Banks"
  },
  {
    "name": "Nobel Cooperative Bank Ltd. Noida",
    "state": "Himachal Pradesh",
    "category": "Urban Co-operative Banks"
  },
  {
    "name": "URBAN COOPERATIVE BANK LTD. BASTI",
    "state": "Himachal Pradesh",
    "category": "Urban Co-operative Banks"
  },
  {
    "name": "The New Urban Cooperative Bank Ltd Agra",
    "state": "Himachal Pradesh",
    "category": "Urban Co-operative Banks"
  },
  {
    "name": "NATIONAL URBAN COOPERATIVE BANK LTD BAHRAICH",
    "state": "Himachal Pradesh",
    "category": "Urban Co-operative Banks"
  },
  {
    "name": "Citizen Cooperative Bank Ltd. Noida",
    "state": "Himachal Pradesh",
    "category": "Urban Co-operative Banks"
  },
  {
    "name": "IMPERIAL URBAN COOPERATIVE BANK LIMITED",
    "state": "Himachal Pradesh",
    "category": "Urban Co-operative Banks"
  },
  {
    "name": "NAGAR SAHKARI BANK LTD. GORAKHPUR",
    "state": "Himachal Pradesh",
    "category": "Urban Co-operative Banks"
  },
  {
    "name": "Dayalbag Mahila Cooperative Bank Ltd Agra",
    "state": "Himachal Pradesh",
    "category": "Urban Co-operative Banks"
  },
  {
    "name": "INDIAN MERCANTILE COOPERATIVE BANK LIMITED",
    "state": "Himachal Pradesh",
    "category": "Urban Co-operative Banks"
  },
  {
    "name": "LUCKNOW URBAN CO-OPERATIVE BANK LTD",
    "state": "Himachal Pradesh",
    "category": "Urban Co-operative Banks"
  },
  {
    "name": "UP Civil Secretriat Primary Co-operative Bank Limited, Lucknow",
    "state": "Himachal Pradesh",
    "category": "Urban Co-operative Banks"
  },
  {
    "name": "The Radhasoami Urban Cooperative Bank Ltd Agra",
    "state": "Himachal Pradesh",
    "category": "Urban Co-operative Banks"
  },
  {
    "name": "THE BIHAR AWAMI COOPERATIVE BANK LTD",
    "state": "Jharkhand",
    "category": "Urban Co-operative Banks"
  },
  {
    "name": "Final Test",
    "state": "Karnataka",
    "category": "Urban Co-operative Banks"
  },
  {
    "name": "Citizens Urban Cooperative Bank Ltd.",
    "state": "Karnataka",
    "category": "Urban Co-operative Banks"
  },
  {
    "name": "JOWAI COOPERATIVE URBAN BANK LTD",
    "state": "Mizoram",
    "category": "Urban Co-operative Banks"
  },
  {
    "name": "Tura Urban Cooperative Bank Ltd.",
    "state": "Mizoram",
    "category": "Urban Co-operative Banks"
  },
  {
    "name": "SHILLONG COOPERATIVE URBAN BANK LTD",
    "state": "Mizoram",
    "category": "Urban Co-operative Banks"
  },
  {
    "name": "INDUSTRIAL COOPERATIVE BANK LTD.",
    "state": "Nagaland",
    "category": "Urban Co-operative Banks"
  },
  {
    "name": "NAGARIK SAMABAY BANK LTD.",
    "state": "Nagaland",
    "category": "Urban Co-operative Banks"
  },
  {
    "name": "Kanaklata mahila urban cooperative bank ltd",
    "state": "Nagaland",
    "category": "Urban Co-operative Banks"
  },
  {
    "name": "THE CO-OPERATIVE CITY BANK LTD.",
    "state": "Nagaland",
    "category": "Urban Co-operative Banks"
  },
  {
    "name": "Nalbari Urban Co-operative Bank Ltd.",
    "state": "Nagaland",
    "category": "Urban Co-operative Banks"
  },
  {
    "name": "Mangaldoi Nagar Samabai Bank Ltd.",
    "state": "Nagaland",
    "category": "Urban Co-operative Banks"
  },
  {
    "name": "Mahabhairab Cooperative Urban Bank",
    "state": "Nagaland",
    "category": "Urban Co-operative Banks"
  },
  {
    "name": "ASCARD Bank",
    "state": "Nagaland",
    "category": "Urban Co-operative Banks"
  },
  {
    "name": "THE SURI FRIENDS UNION COOPERATIVE BANK LTD.",
    "state": "Odisha",
    "category": "Urban Co-operative Banks"
  },
  {
    "name": "ROUTHA UNION COOPERATIVE BANK LTD.",
    "state": "Odisha",
    "category": "Urban Co-operative Banks"
  },
  {
    "name": "The Panihati Co-operative bank Ltd.",
    "state": "Odisha",
    "category": "Urban Co-operative Banks"
  },
  {
    "name": "Khardah Co-operative Bank Ltd",
    "state": "Odisha",
    "category": "Urban Co-operative Banks"
  },
  {
    "name": "The Nabapally Co-operative Bank Ltd",
    "state": "Odisha",
    "category": "Urban Co-operative Banks"
  },
  {
    "name": "Bhatpara Naihati Co-operative Bank Ltd",
    "state": "Odisha",
    "category": "Urban Co-operative Banks"
  },
  {
    "name": "Samata Co-operative Development Bank Ltd",
    "state": "Odisha",
    "category": "Urban Co-operative Banks"
  },
  {
    "name": "CONTAI CO-OPERATIVE BANK LTD.",
    "state": "Odisha",
    "category": "Urban Co-operative Banks"
  },
  {
    "name": "SREE CHAITANYA COOERATIVE BANK LTD",
    "state": "Odisha",
    "category": "Urban Co-operative Banks"
  },
  {
    "name": "KALNA TOWN CREDIT COOPERATIVE BANK LTD",
    "state": "Odisha",
    "category": "Urban Co-operative Banks"
  },
  {
    "name": "KHATRA PEOPLE&#039;S CO-OPERATIVE BANK LIMITED.",
    "state": "Odisha",
    "category": "Urban Co-operative Banks"
  },
  {
    "name": "THE BANKURA TOWN CO-OPERATIVE BANK LIMITED",
    "state": "Odisha",
    "category": "Urban Co-operative Banks"
  },
  {
    "name": "THE BISHNUPUR TOWN COOPERATIVE BANK LTD",
    "state": "Odisha",
    "category": "Urban Co-operative Banks"
  },
  {
    "name": "The Baidyabati Sheoraphuli Cooperative Bank Limited",
    "state": "Odisha",
    "category": "Urban Co-operative Banks"
  },
  {
    "name": "The Hooghly Co-operative Credit Bank Ltd.",
    "state": "Odisha",
    "category": "Urban Co-operative Banks"
  },
  {
    "name": "The Uttarpara Co-operative Bank Ltd",
    "state": "Odisha",
    "category": "Urban Co-operative Banks"
  },
  {
    "name": "Nabagram Peoples Co-operative Credit Bank Ltd.",
    "state": "Odisha",
    "category": "Urban Co-operative Banks"
  },
  {
    "name": "KONNAGAR SAMABAYA BANK LTD",
    "state": "Odisha",
    "category": "Urban Co-operative Banks"
  },
  {
    "name": "Malda Co-operative Urban Credit Society Ltd.",
    "state": "Odisha",
    "category": "Urban Co-operative Banks"
  },
  {
    "name": "THE KRISHNAGAR CITY CO-OPERATIVE BANK LTD",
    "state": "Odisha",
    "category": "Urban Co-operative Banks"
  },
  {
    "name": "The Nabadwip Cooperative Credit Bank Ltd",
    "state": "Odisha",
    "category": "Urban Co-operative Banks"
  },
  {
    "name": "Ranaghat People&#039;s Cooperative Bank Ltd.",
    "state": "Odisha",
    "category": "Urban Co-operative Banks"
  },
  {
    "name": "THE UNION COOPERATIVE BANK LTD.",
    "state": "Odisha",
    "category": "Urban Co-operative Banks"
  },
  {
    "name": "THE JOYNAGAR MAJILPUR PEOPLES COOPERATIVE BANK LTD",
    "state": "Odisha",
    "category": "Urban Co-operative Banks"
  },
  {
    "name": "THE BORAL UNION COOPERATIVE BANK LTD.",
    "state": "Odisha",
    "category": "Urban Co-operative Banks"
  },
  {
    "name": "JAMSHEDPUR URBAN COOPERATIVE BANK LTD",
    "state": "Punjab",
    "category": "Urban Co-operative Banks"
  },
  {
    "name": "The Koylanchal Urban Cooperative Bank Ltd.",
    "state": "Punjab",
    "category": "Urban Co-operative Banks"
  },
  {
    "name": "Urban Cooperative Bank",
    "state": "Rajasthan",
    "category": "Urban Co-operative Banks"
  },
  {
    "name": "Jeypore Cooperative Urban Bank",
    "state": "Rajasthan",
    "category": "Urban Co-operative Banks"
  },
  {
    "name": "The Urban Cooperative Bank ltd.",
    "state": "Rajasthan",
    "category": "Urban Co-operative Banks"
  },
  {
    "name": "BHADRAK COOP. URBAN BANK LTD.",
    "state": "Rajasthan",
    "category": "Urban Co-operative Banks"
  },
  {
    "name": "URBAN COOPRATIVE BANK LTD ROURKELA",
    "state": "Rajasthan",
    "category": "Urban Co-operative Banks"
  },
  {
    "name": "Puri CARD Bank",
    "state": "Rajasthan",
    "category": "Urban Co-operative Banks"
  },
  {
    "name": "Puri Urban Cooperative Bank",
    "state": "Rajasthan",
    "category": "Urban Co-operative Banks"
  },
  {
    "name": "THE KENDRAPARA URBAN COOPERATIVE BANK LTD.",
    "state": "Rajasthan",
    "category": "Urban Co-operative Banks"
  },
  {
    "name": "The berhampur urban cooperative Bank Ltd.",
    "state": "Rajasthan",
    "category": "Urban Co-operative Banks"
  },
  {
    "name": "The Cooperative Urban Bank Ltd, Paralakhemundi",
    "state": "Rajasthan",
    "category": "Urban Co-operative Banks"
  },
  {
    "name": "bhilai nagrik sahakari bank maryadit bhilai nagar",
    "state": "Sikkim",
    "category": "Urban Co-operative Banks"
  },
  {
    "name": "Pragti Mahila nagarik shakri bank mryadit bhilai durg",
    "state": "Sikkim",
    "category": "Urban Co-operative Banks"
  },
  {
    "name": "NAGARIK SAHAKARI BANK MARYADIT DURG",
    "state": "Sikkim",
    "category": "Urban Co-operative Banks"
  },
  {
    "name": "MAHILA NAGRIK SAHKARI BANK MARYADIT MAHASAMUND",
    "state": "Sikkim",
    "category": "Urban Co-operative Banks"
  },
  {
    "name": "BILASPUR NAGRIK SAHKARI BANK  MARYADIT  BILASPUR",
    "state": "Sikkim",
    "category": "Urban Co-operative Banks"
  },
  {
    "name": "Raigarh Nagrik Sahakari Bank Maryadit Raigarh",
    "state": "Sikkim",
    "category": "Urban Co-operative Banks"
  },
  {
    "name": "Commercial Co-operative Bank Limited, Raipur",
    "state": "Sikkim",
    "category": "Urban Co-operative Banks"
  },
  {
    "name": "Laxmi Mahila Nagrik Sahakari Bank Limited, Raipur",
    "state": "Sikkim",
    "category": "Urban Co-operative Banks"
  },
  {
    "name": "Citizen Cooperative Bank Limited Phulchowk, Raipur",
    "state": "Sikkim",
    "category": "Urban Co-operative Banks"
  },
  {
    "name": "The Raipur Urban Marketing Co-operative Bank, Raipur",
    "state": "Sikkim",
    "category": "Urban Co-operative Banks"
  },
  {
    "name": "Renuka nagarik sahkari bank maryaadit ambikapur",
    "state": "Sikkim",
    "category": "Urban Co-operative Banks"
  },
  {
    "name": "Nagrik sahkari bank maryadit jagdalpur",
    "state": "Sikkim",
    "category": "Urban Co-operative Banks"
  },
  {
    "name": "vyavsayik evam audhyogik sehkari bank Ltd. Morena",
    "state": "Tamil Nadu",
    "category": "Urban Co-operative Banks"
  },
  {
    "name": "JILA SAHKARI KENDRIYA BANK MARYADIT GWALIOR",
    "state": "Tamil Nadu",
    "category": "Urban Co-operative Banks"
  },
  {
    "name": "Sardar Singh Nagarik Sahakari Bank Limited Tikamgarh",
    "state": "Tamil Nadu",
    "category": "Urban Co-operative Banks"
  },
  {
    "name": "BHIND NAGRIK SAHKARI BANK MARYADIT BHIND",
    "state": "Tamil Nadu",
    "category": "Urban Co-operative Banks"
  },
  {
    "name": "JABALPUR MAHILA NAGRIK SAHKARI BANK MARYA JABALPUR",
    "state": "Tamil Nadu",
    "category": "Urban Co-operative Banks"
  },
  {
    "name": "Mahila nagarik sahakari bank khargone",
    "state": "Tamil Nadu",
    "category": "Urban Co-operative Banks"
  },
  {
    "name": "khargone nagarik sahakari bank khargone",
    "state": "Tamil Nadu",
    "category": "Urban Co-operative Banks"
  },
  {
    "name": "sanawad nagarik bank sanawad",
    "state": "Tamil Nadu",
    "category": "Urban Co-operative Banks"
  },
  {
    "name": "PARISAMAPAN JILA SAHKARI KRASHI AUR GRAHMIN VIKAS BANK MARIYADIT BETUL",
    "state": "Tamil Nadu",
    "category": "Urban Co-operative Banks"
  },
  {
    "name": "PARISAMAPAN JILA SAHKARI KRASHI AUR GRAHMIN VIKAS BANK MARIYADIT HOSHANGABAD",
    "state": "Tamil Nadu",
    "category": "Urban Co-operative Banks"
  },
  {
    "name": "PARISAMAPAN SUVIDHA MAHILA NAGRIK SAHKARI BANK MARIYAIT NARMADAPURAM",
    "state": "Tamil Nadu",
    "category": "Urban Co-operative Banks"
  },
  {
    "name": "Jila Sehkari Kendriya Bank Miryadit Panna",
    "state": "Tamil Nadu",
    "category": "Urban Co-operative Banks"
  },
  {
    "name": "NAGRIK SAHAKARI BANK MARIYADIT SHIVPURI",
    "state": "Tamil Nadu",
    "category": "Urban Co-operative Banks"
  },
  {
    "name": "Jila Sahkari Krishi Avam Gramin Vikash Bank Raisen",
    "state": "Tamil Nadu",
    "category": "Urban Co-operative Banks"
  },
  {
    "name": "PARISAMAPAN SUVIDHA MAHILA NAGRIK SAHKARI BANK MARIYADIT HOSHANGABAD",
    "state": "Tamil Nadu",
    "category": "Urban Co-operative Banks"
  },
  {
    "name": "SARVODAY MAHILA COOPERATIVE BANK LIMITED BURHANPUR",
    "state": "Tamil Nadu",
    "category": "Urban Co-operative Banks"
  },
  {
    "name": "CITIZEN COOPERATIVE BANK LIMITED BURHANPUR",
    "state": "Tamil Nadu",
    "category": "Urban Co-operative Banks"
  },
  {
    "name": "GUNA NAGRIK SAHKARI BANK MARYADIT GUNA",
    "state": "Tamil Nadu",
    "category": "Urban Co-operative Banks"
  },
  {
    "name": "MAA SHARDA MAHILA NAGRIK SAHKARI BANK MARYADIT MAIHER(84)",
    "state": "Tamil Nadu",
    "category": "Urban Co-operative Banks"
  },
  {
    "name": "SHRI BALAJI URBAN COPERATIVE BANK LIMITED SATNA",
    "state": "Tamil Nadu",
    "category": "Urban Co-operative Banks"
  },
  {
    "name": "KRISHANGANJ NAGRIK BANK MARYADIT POHRI",
    "state": "Tamil Nadu",
    "category": "Urban Co-operative Banks"
  },
  {
    "name": "JILA SAHKARI KENDRIY BANK MARYADIT SATNA",
    "state": "Tamil Nadu",
    "category": "Urban Co-operative Banks"
  },
  {
    "name": "Nagrik Sahkari Bank Maryadit, Sagar",
    "state": "Tamil Nadu",
    "category": "Urban Co-operative Banks"
  },
  {
    "name": "Shajapur Nagrik Sahkari Bank Limited Shajapur",
    "state": "Tamil Nadu",
    "category": "Urban Co-operative Banks"
  },
  {
    "name": "Rajrajeshwari Mahila Nagrik Sahkari Bank Limited Shajapur",
    "state": "Tamil Nadu",
    "category": "Urban Co-operative Banks"
  },
  {
    "name": "THE BAHDARPUR ARBAN  CO OP BANK LTD",
    "state": "Telangana",
    "category": "Urban Co-operative Banks"
  },
  {
    "name": "THE KAIRA DISTRICT CENTRAL CO-OPRATIVE BANK LTD NADIAD",
    "state": "Telangana",
    "category": "Urban Co-operative Banks"
  },
  {
    "name": "THE JANATA CO OP BANK LTD. GODHRA",
    "state": "Telangana",
    "category": "Urban Co-operative Banks"
  },
  {
    "name": "THE SAURASHTRA CO OPERATIVE BANK LTD",
    "state": "Telangana",
    "category": "Urban Co-operative Banks"
  },
  {
    "name": "Gujarat Mercantile co op Bank Ltd",
    "state": "Telangana",
    "category": "Urban Co-operative Banks"
  },
  {
    "name": "THE BHAGYODAYA CO OP BANK LTD",
    "state": "Telangana",
    "category": "Urban Co-operative Banks"
  },
  {
    "name": "AMARNATH CO OP BANK LTD",
    "state": "Telangana",
    "category": "Urban Co-operative Banks"
  },
  {
    "name": "THE TALOD NAGRIK SAHAKARI BANK LIMITED",
    "state": "Telangana",
    "category": "Urban Co-operative Banks"
  },
  {
    "name": "PROGRESSIVE MERCANTILE CO OP BANK LTD",
    "state": "Telangana",
    "category": "Urban Co-operative Banks"
  },
  {
    "name": "Gujarat Ambuja Cooperative Bank Ltd.",
    "state": "Telangana",
    "category": "Urban Co-operative Banks"
  },
  {
    "name": "THE KARNAVATI CO OP BANK LTD",
    "state": "Telangana",
    "category": "Urban Co-operative Banks"
  },
  {
    "name": "Colour Merchants&#039; Co-operative Bank Ltd",
    "state": "Telangana",
    "category": "Urban Co-operative Banks"
  },
  {
    "name": "MANINAGAR CO OP BANK LTD",
    "state": "Telangana",
    "category": "Urban Co-operative Banks"
  },
  {
    "name": "THE BAPUNAGAR MAHILA CO OP BANK LTD",
    "state": "Telangana",
    "category": "Urban Co-operative Banks"
  },
  {
    "name": "THE TALOD JANTA SAHAKARI BANK LIMITED",
    "state": "Telangana",
    "category": "Urban Co-operative Banks"
  },
  {
    "name": "THE SARANGPUR CO.OP BANK LTD",
    "state": "Telangana",
    "category": "Urban Co-operative Banks"
  },
  {
    "name": "NIDHI CO-OPERATIVE BANK LTD.",
    "state": "Telangana",
    "category": "Urban Co-operative Banks"
  },
  {
    "name": "THE VIJAY CO OPERATIVE BANK LTD",
    "state": "Telangana",
    "category": "Urban Co-operative Banks"
  },
  {
    "name": "THE UNITED CO-OPERATIVE BANK LIMITED",
    "state": "Telangana",
    "category": "Urban Co-operative Banks"
  },
  {
    "name": "THE NAVNIRMAN CO-OPERATIVE BANK LIMITED",
    "state": "Telangana",
    "category": "Urban Co-operative Banks"
  },
  {
    "name": "THE PRANTIJ NAGRIK SAHAKARI BANK LIMITED",
    "state": "Telangana",
    "category": "Urban Co-operative Banks"
  },
  {
    "name": "THE AHMEDABAD MERCANTILE CO-OPERATIVE BANK LTD",
    "state": "Telangana",
    "category": "Urban Co-operative Banks"
  },
  {
    "name": "THE UNION CO-OPERATIVE BANK LIMITED",
    "state": "Telangana",
    "category": "Urban Co-operative Banks"
  },
  {
    "name": "THE NARODA NAGRIK CO OPERATIVE BANK LIMITED",
    "state": "Telangana",
    "category": "Urban Co-operative Banks"
  },
  {
    "name": "Sardar Vallabhbhai Sahakari Bank Limited",
    "state": "Telangana",
    "category": "Urban Co-operative Banks"
  },
  {
    "name": "THE CKP COOPERATIVE BANK",
    "state": "Uttarakhand",
    "category": "Urban Co-operative Banks"
  },
  {
    "name": "AKHIL MAHARASHTRA KUNBI SAHAKARI PATAPETHI MARY",
    "state": "Uttarakhand",
    "category": "Urban Co-operative Banks"
  },
  {
    "name": "Mahendra Mitramandal Nagri Sahkari Patsanstha Marya. Malegaon",
    "state": "Uttarakhand",
    "category": "Urban Co-operative Banks"
  },
  {
    "name": "KOLHAPUR DISTRLCT CENTRAL CO OP BANK LIMITED KOLHAPUR",
    "state": "Uttarakhand",
    "category": "Urban Co-operative Banks"
  },
  {
    "name": "MUMBAI DISTRICT CENTRAL CO OP BANK LTD",
    "state": "Uttarakhand",
    "category": "Urban Co-operative Banks"
  },
  {
    "name": "THE AGRASEN NAGARI SAHAKARI BANK LTD., AKOLA",
    "state": "Uttarakhand",
    "category": "Urban Co-operative Banks"
  },
  {
    "name": "Navi Mumbai Co-operative Bank Ltd.",
    "state": "Uttarakhand",
    "category": "Urban Co-operative Banks"
  },
  {
    "name": "Nagrik Sahakari Co-op Bank Ltd",
    "state": "Uttarakhand",
    "category": "Urban Co-operative Banks"
  },
  {
    "name": "SIDDHESHWAR URBAN COOPERAVITE BANK LTD.SILLOD",
    "state": "Uttarakhand",
    "category": "Urban Co-operative Banks"
  },
  {
    "name": "The Pen Cooperative Urban Bank Ltd Pen",
    "state": "Uttarakhand",
    "category": "Urban Co-operative Banks"
  },
  {
    "name": "The Panvel Cooperative Urban Bank Ltd Panvel",
    "state": "Uttarakhand",
    "category": "Urban Co-operative Banks"
  },
  {
    "name": "Jalgaon Janata Sahakari Bank Ltd. Jalgaon",
    "state": "Uttarakhand",
    "category": "Urban Co-operative Banks"
  },
  {
    "name": "Shri Mahavir Sahakari.Bank Ltd. Jalgaon",
    "state": "Uttarakhand",
    "category": "Urban Co-operative Banks"
  },
  {
    "name": "The Jalgaon Peoples Co-op.Bank Ltd. Jalgaon",
    "state": "Uttarakhand",
    "category": "Urban Co-operative Banks"
  },
  {
    "name": "Godavari Laxmi Co-op.Bank LTD. Jalgaon",
    "state": "Uttarakhand",
    "category": "Urban Co-operative Banks"
  },
  {
    "name": "SHARAD SAHKARI BANK LTD MANCHAR",
    "state": "Uttarakhand",
    "category": "Urban Co-operative Banks"
  },
  {
    "name": "PUNE DISTRICT CENTRAL CO OPERTIVE BANK LTD",
    "state": "Uttarakhand",
    "category": "Urban Co-operative Banks"
  },
  {
    "name": "Umiya Urban Co-operative Bank Maryadit",
    "state": "Uttarakhand",
    "category": "Urban Co-operative Banks"
  },
  {
    "name": "WARDHAMAN URBAN CO-OPERATIVE BANK LTD",
    "state": "Uttarakhand",
    "category": "Urban Co-operative Banks"
  },
  {
    "name": "DR. BABASAHEB AMBEDKAR URBAN COOPERATIVE BANK LTD. NAGPUR",
    "state": "Uttarakhand",
    "category": "Urban Co-operative Banks"
  },
  {
    "name": "The Nandura Urban Co-operative Bank Li NANDURA",
    "state": "Uttarakhand",
    "category": "Urban Co-operative Banks"
  },
  {
    "name": "PEOPLES COOPERATIVE BANK LTD DEULGAORAJA",
    "state": "Uttarakhand",
    "category": "Urban Co-operative Banks"
  },
  {
    "name": "NIRMAL URBAN CO OP BANK LTD",
    "state": "Uttarakhand",
    "category": "Urban Co-operative Banks"
  },
  {
    "name": "JANSEWA URBAN CO-OPERATIVE BANK LTD NAGPUR",
    "state": "Uttarakhand",
    "category": "Urban Co-operative Banks"
  },
  {
    "name": "GANDHIBAG SAHAKARI BANK LTD., NAGPUR",
    "state": "Uttarakhand",
    "category": "Urban Co-operative Banks"
  },
  {
    "name": "Proddatur Coop. Town Bank Ltd.,",
    "state": "West Bengal",
    "category": "Urban Co-operative Banks"
  },
  {
    "name": "Srikalahasti Cooperative Town Bank Ltd., Srikalahasti",
    "state": "West Bengal",
    "category": "Urban Co-operative Banks"
  },
  {
    "name": "RAJAMPETA COOP.TOWN BANK",
    "state": "West Bengal",
    "category": "Urban Co-operative Banks"
  },
  {
    "name": "The Madanapalle Cooperative Town Bank Ltd.",
    "state": "West Bengal",
    "category": "Urban Co-operative Banks"
  },
  {
    "name": "THE ELURU COOPERATIVE URBAN BANK LTD",
    "state": "West Bengal",
    "category": "Urban Co-operative Banks"
  },
  {
    "name": "The Srikakulam Cooperative Urban Bank ltd Srikakulam",
    "state": "West Bengal",
    "category": "Urban Co-operative Banks"
  },
  {
    "name": "Tirupati Coop.Bank Ltd., (ECCS)Tirupati",
    "state": "West Bengal",
    "category": "Urban Co-operative Banks"
  },
  {
    "name": "The Masulipatnam Cooperative Urban Bank Ltd.",
    "state": "West Bengal",
    "category": "Urban Co-operative Banks"
  },
  {
    "name": "The Gooty Cooperative Town Bank Ltd., Gooty",
    "state": "West Bengal",
    "category": "Urban Co-operative Banks"
  },
  {
    "name": "The Uravakonda Cooperative Town Bank Ltd., Uravakonda",
    "state": "West Bengal",
    "category": "Urban Co-operative Banks"
  },
  {
    "name": "Mandapeta Cooperative Town Bank",
    "state": "West Bengal",
    "category": "Urban Co-operative Banks"
  },
  {
    "name": "The Anantapur Cooperative Urban Bank Ltd., Ananthapuramu",
    "state": "West Bengal",
    "category": "Urban Co-operative Banks"
  },
  {
    "name": "Amalapuram Cooperative Town Bank",
    "state": "West Bengal",
    "category": "Urban Co-operative Banks"
  },
  {
    "name": "The Tadipatri Cooperative Town Bank Ltd., Tadipatri",
    "state": "West Bengal",
    "category": "Urban Co-operative Banks"
  },
  {
    "name": "THE KAKINADA COOPERATIVE TOWN BANK LTD NO C 750, KAKINADA",
    "state": "West Bengal",
    "category": "Urban Co-operative Banks"
  },
  {
    "name": "SREE COOPERATIVE URBAN BANK LTD NO.C 911, KAKINADA",
    "state": "West Bengal",
    "category": "Urban Co-operative Banks"
  },
  {
    "name": "The Repalle Cooperative Urban Bank Ltd., Repalle",
    "state": "West Bengal",
    "category": "Urban Co-operative Banks"
  },
  {
    "name": "The Bapatla Cooperative Urban Bank Ltd., Bapatla",
    "state": "West Bengal",
    "category": "Urban Co-operative Banks"
  },
  {
    "name": "THE GUDIVADA COOPERATIVE URBAN BANK",
    "state": "West Bengal",
    "category": "Urban Co-operative Banks"
  },
  {
    "name": "The Durga Cooperative Urban Bank Ltd, Vijayawada",
    "state": "West Bengal",
    "category": "Urban Co-operative Banks"
  },
  {
    "name": "The Swasakthi Mercantile Cooperative Urban Bank Ltd., Vijayawada",
    "state": "West Bengal",
    "category": "Urban Co-operative Banks"
  },
  {
    "name": "The Kuppam Coop. Town Bank ltd., Kuppam",
    "state": "West Bengal",
    "category": "Urban Co-operative Banks"
  },
  {
    "name": "The Chittoor Coop.Town Bank Ltd., Chittoor",
    "state": "West Bengal",
    "category": "Urban Co-operative Banks"
  },
  {
    "name": "LIC Employees Cooperative Bank Ltd., Machilipatnam",
    "state": "West Bengal",
    "category": "Urban Co-operative Banks"
  },
  {
    "name": "The Gandhi Cooperative Urban Bank Ltd., Vijayawada",
    "state": "West Bengal",
    "category": "Urban Co-operative Banks"
  },
  {
    "name": "Hubli- Dharwad Urban Coop Bank Ltd Dharwad",
    "state": "Delhi",
    "category": "Urban Co-operative Banks"
  },
  {
    "name": "GOKAK URBAN COOPERATIVE BANK",
    "state": "Delhi",
    "category": "Urban Co-operative Banks"
  },
  {
    "name": "Hanamasagara Urban Co operative Bank Ltd., Hanamasagara",
    "state": "Delhi",
    "category": "Urban Co-operative Banks"
  },
  {
    "name": "Sri Gavisiddeshwara Urban Cooperative Bank Niyamitha.,  Koppal",
    "state": "Delhi",
    "category": "Urban Co-operative Banks"
  },
  {
    "name": "SRI SUDHA COOPERATIVE BANK LTD",
    "state": "Delhi",
    "category": "Urban Co-operative Banks"
  },
  {
    "name": "Kushtagi Pattana Sahakara Bank Niyamith., Kushtagi",
    "state": "Delhi",
    "category": "Urban Co-operative Banks"
  },
  {
    "name": "Sri Ramanagara Pattana Sahakara Bank Niyamith., Sriramanagara",
    "state": "Delhi",
    "category": "Urban Co-operative Banks"
  },
  {
    "name": "THE BANGALORE CITY COOPERATIVE BANK LTD",
    "state": "Delhi",
    "category": "Urban Co-operative Banks"
  },
  {
    "name": "THE GRAIN MERCHETS COOPERATIVE BANK LTD",
    "state": "Delhi",
    "category": "Urban Co-operative Banks"
  },
  {
    "name": "Vishwakalyan Coop Bank Ltd Hubli",
    "state": "Delhi",
    "category": "Urban Co-operative Banks"
  },
  {
    "name": "Hubli Muslim Coop Bank Ltd",
    "state": "Delhi",
    "category": "Urban Co-operative Banks"
  },
  {
    "name": "SRI BASAVESHWAR COOPERATIVE URBAN BANK LTD KALABURGI",
    "state": "Delhi",
    "category": "Urban Co-operative Banks"
  },
  {
    "name": "ABHIRVURDHI MAHILA COOPERATIVE URBAN BANK KALABURGI",
    "state": "Delhi",
    "category": "Urban Co-operative Banks"
  },
  {
    "name": "SRI KANNIKAPARAMESHWARI CO-OPERATIVE BANK LIMITED, HASSANA",
    "state": "Delhi",
    "category": "Urban Co-operative Banks"
  },
  {
    "name": "THE ARASIKERE URBAN COOPERATIVE BANK LIMITED ARASIKERE",
    "state": "Delhi",
    "category": "Urban Co-operative Banks"
  },
  {
    "name": "THE CITYCOOPERATIVE BANK LIMITED, DEVRAJ ARAS MARKET, HASSAN",
    "state": "Delhi",
    "category": "Urban Co-operative Banks"
  },
  {
    "name": "Chartered Co-operative Bank Ltd., No.66, 24th Main, 5th Cross, H.S.R.Layout, Sarjapur Road, Bengaluru-34.",
    "state": "Delhi",
    "category": "Urban Co-operative Banks"
  },
  {
    "name": "SRI VASAVAMBA CO-OPERATIVE BANK LIMITED,HOLENARASIPURA",
    "state": "Delhi",
    "category": "Urban Co-operative Banks"
  },
  {
    "name": "Belur Urban Co Operative Bank Ltd Belur",
    "state": "Delhi",
    "category": "Urban Co-operative Banks"
  },
  {
    "name": "The Laxmi Urban Co-operative Bank Ltd., Gajendragad",
    "state": "Delhi",
    "category": "Urban Co-operative Banks"
  },
  {
    "name": "GULBARGA URBAN COOP BANK LTD KALABURAGI",
    "state": "Delhi",
    "category": "Urban Co-operative Banks"
  },
  {
    "name": "SREE BHYRAWESHWARA SAHAKARA BANK NIYAMITHA",
    "state": "Delhi",
    "category": "Urban Co-operative Banks"
  },
  {
    "name": "SHRI VEERBHADRESHWAR COOP BANK LTD CHINCHOLI",
    "state": "Delhi",
    "category": "Urban Co-operative Banks"
  },
  {
    "name": "JYOTIRLINGA URBAN BANK JALAGERI",
    "state": "Delhi",
    "category": "Urban Co-operative Banks"
  },
  {
    "name": "DISTRICT GOVT EMPLOYEES CO OPERATIVE BANK VIJAYAPUR",
    "state": "Delhi",
    "category": "Urban Co-operative Banks"
  },
  {
    "name": "THE  MADGAUM URBAN COOPERATIVE BANK LTD",
    "state": "Jammu & Kashmir",
    "category": "Urban Co-operative Banks"
  },
  {
    "name": "The Bicholim Urban Cooperative Bank Ltd",
    "state": "Jammu & Kashmir",
    "category": "Urban Co-operative Banks"
  },
  {
    "name": "The Women Cooperative Bank Ltd",
    "state": "Jammu & Kashmir",
    "category": "Urban Co-operative Banks"
  },
  {
    "name": "The Goa Urban Cooperative Bank Ltd",
    "state": "Jammu & Kashmir",
    "category": "Urban Co-operative Banks"
  },
  {
    "name": "CO OPERATIVE URBAN BANK",
    "state": "Puducherry",
    "category": "Urban Co-operative Banks"
  },
  {
    "name": "THE SULTHAN BATHERY COOPERATIVE URBAN BANK",
    "state": "Puducherry",
    "category": "Urban Co-operative Banks"
  },
  {
    "name": "Thodupuzha Urban Co operative Bank",
    "state": "Puducherry",
    "category": "Urban Co-operative Banks"
  },
  {
    "name": "MALA BLOCK TOWN BANK",
    "state": "Puducherry",
    "category": "Urban Co-operative Banks"
  },
  {
    "name": "The Payyanur Cooperative Town Bank Ltd",
    "state": "Puducherry",
    "category": "Urban Co-operative Banks"
  },
  {
    "name": "The Pazhayangadi Urban Co operative Bank",
    "state": "Puducherry",
    "category": "Urban Co-operative Banks"
  },
  {
    "name": "THIRUVALLA URBAN CO-OPERATIVE BANK",
    "state": "Puducherry",
    "category": "Urban Co-operative Banks"
  },
  {
    "name": "THIRUVALLA EAST CO-OPERATIVE BANK",
    "state": "Puducherry",
    "category": "Urban Co-operative Banks"
  },
  {
    "name": "BALUSSERY COOPERATIVE URBAN BANK",
    "state": "Puducherry",
    "category": "Urban Co-operative Banks"
  },
  {
    "name": "PAYYOLI COOPERATIVE URBAN BANK LTD",
    "state": "Puducherry",
    "category": "Urban Co-operative Banks"
  },
  {
    "name": "KUTTIADI COOPERATIVE URBAN BANK",
    "state": "Puducherry",
    "category": "Urban Co-operative Banks"
  },
  {
    "name": "PALA URBAN BANK",
    "state": "Puducherry",
    "category": "Urban Co-operative Banks"
  },
  {
    "name": "MEENACHIL EAST URBAN BANK",
    "state": "Puducherry",
    "category": "Urban Co-operative Banks"
  },
  {
    "name": "VATAKARA CO OPERATIVE URBAN BANK",
    "state": "Puducherry",
    "category": "Urban Co-operative Banks"
  },
  {
    "name": "KOTTAYAM COOPERATIVE URBAN BANK",
    "state": "Puducherry",
    "category": "Urban Co-operative Banks"
  },
  {
    "name": "NADAPURAM COOPERATIVE URBAN BANK LTD NO.D.2648.. D.",
    "state": "Puducherry",
    "category": "Urban Co-operative Banks"
  },
  {
    "name": "Kannur Co Op Urban Bank Ltd",
    "state": "Puducherry",
    "category": "Urban Co-operative Banks"
  },
  {
    "name": "KASARAGOD CO OPERATIVE TOWN BANK LTD",
    "state": "Puducherry",
    "category": "Urban Co-operative Banks"
  },
  {
    "name": "TALIPARAMBA CO OPERATIVE URBAN BANK",
    "state": "Puducherry",
    "category": "Urban Co-operative Banks"
  },
  {
    "name": "KATTAPPANA URBAN CO OPERATIVE BANK LTD",
    "state": "Puducherry",
    "category": "Urban Co-operative Banks"
  },
  {
    "name": "THE PALGHAT COOPERATIVE URBAN BANK LTD",
    "state": "Puducherry",
    "category": "Urban Co-operative Banks"
  },
  {
    "name": "CHERPALCHERI COOPERATIVE URBAN BANK",
    "state": "Puducherry",
    "category": "Urban Co-operative Banks"
  },
  {
    "name": "OTTAPALAM CO.OPERATIVE URBAN BANK",
    "state": "Puducherry",
    "category": "Urban Co-operative Banks"
  },
  {
    "name": "LIC of India Staff Coopertive Urban Bank Ltd",
    "state": "Puducherry",
    "category": "Urban Co-operative Banks"
  },
  {
    "name": "KARAMANA CO-OPERATIVE URBAN BANK LTD.NO.1761",
    "state": "Puducherry",
    "category": "Urban Co-operative Banks"
  },
  {
    "name": "No.29 Tirumangalam Cooperative Urban Bank",
    "state": "Chandigarh",
    "category": "Urban Co-operative Banks"
  },
  {
    "name": "Ambasamudram urban cooperative bank",
    "state": "Chandigarh",
    "category": "Urban Co-operative Banks"
  },
  {
    "name": "TIRUNELVELI JUNCTION URBAN COOPERATIVE",
    "state": "Chandigarh",
    "category": "Urban Co-operative Banks"
  },
  {
    "name": "PALYAMKOTTAI URBAN COOPERATIVE BANK",
    "state": "Chandigarh",
    "category": "Urban Co-operative Banks"
  },
  {
    "name": "PEOPLES URBAN COOPERATIVE BANK",
    "state": "Chandigarh",
    "category": "Urban Co-operative Banks"
  },
  {
    "name": "The Coonoor Urban Co-operative Bank",
    "state": "Chandigarh",
    "category": "Urban Co-operative Banks"
  },
  {
    "name": "The Udhagamandalam Co-operative Urban Bank Ltd.,",
    "state": "Chandigarh",
    "category": "Urban Co-operative Banks"
  },
  {
    "name": "Cordite Factory Cooperative Bank",
    "state": "Chandigarh",
    "category": "Urban Co-operative Banks"
  },
  {
    "name": "RAMANATHAPURAM COOPERATIVE URBAN BANK",
    "state": "Chandigarh",
    "category": "Urban Co-operative Banks"
  },
  {
    "name": "Paramakudi Co-operative Urban Bank Ltd.,",
    "state": "Chandigarh",
    "category": "Urban Co-operative Banks"
  },
  {
    "name": "ABIRAMAM CO-OP URBAN BANK LTD",
    "state": "Chandigarh",
    "category": "Urban Co-operative Banks"
  },
  {
    "name": "Q1102.KAMUTHI CO-OPERATIVE URBAN BANK LTD",
    "state": "Chandigarh",
    "category": "Urban Co-operative Banks"
  },
  {
    "name": "UTHAMAPALAYAM URBAN BANK LTD",
    "state": "Chandigarh",
    "category": "Urban Co-operative Banks"
  },
  {
    "name": "PERIYAKULAM URBAN BANK LTD",
    "state": "Chandigarh",
    "category": "Urban Co-operative Banks"
  },
  {
    "name": "Karaikudi Co-operative Town Bank",
    "state": "Chandigarh",
    "category": "Urban Co-operative Banks"
  },
  {
    "name": "K4084UPPILIPALAYAM UCCS",
    "state": "Chandigarh",
    "category": "Urban Co-operative Banks"
  },
  {
    "name": "KVI1 MANAPPARAI PALMGUR PRODUCEER'S CO-OPERATIVE SOCIETY",
    "state": "Chandigarh",
    "category": "Urban Co-operative Banks"
  },
  {
    "name": "THE KARUR TOWN COOP BANK LTD., NO.924",
    "state": "Chandigarh",
    "category": "Urban Co-operative Banks"
  },
  {
    "name": "R.37 KULITHALAI COOPERATIVE URBAN BANK LTD",
    "state": "Chandigarh",
    "category": "Urban Co-operative Banks"
  },
  {
    "name": "SOURASHTRA URBAN COOPERATIVE BANK",
    "state": "Chandigarh",
    "category": "Urban Co-operative Banks"
  },
  {
    "name": "SHOLAVANDHAN URBAN COOPERATIVE BANK",
    "state": "Chandigarh",
    "category": "Urban Co-operative Banks"
  },
  {
    "name": "TIRUVALLUR COOPERATIVE URBAN BANK",
    "state": "Chandigarh",
    "category": "Urban Co-operative Banks"
  },
  {
    "name": "C 4712 ARNI UCB",
    "state": "Chandigarh",
    "category": "Urban Co-operative Banks"
  },
  {
    "name": "Velur Cooperative Urban Bank Ltd.,",
    "state": "Chandigarh",
    "category": "Urban Co-operative Banks"
  },
  {
    "name": "Komarapalayam Cooperative Urban Bank Ltd.,",
    "state": "Chandigarh",
    "category": "Urban Co-operative Banks"
  },
  {
    "name": "The Pondicherry Co-operative Urban Bank Ltd.,",
    "state": "Andaman & Nicobar",
    "category": "Urban Co-operative Banks"
  },
  {
    "name": "The Sanghamitra Cooperative Urban Bank Ltd., Nalgonda",
    "state": "Lakshadweep",
    "category": "Urban Co-operative Banks"
  },
  {
    "name": "The Nalgonda District Cooperative Central Bank Ltd., Nalgonda",
    "state": "Lakshadweep",
    "category": "Urban Co-operative Banks"
  },
  {
    "name": "Universal Coop. Urban Bank Ltd., Mancherial",
    "state": "Lakshadweep",
    "category": "Urban Co-operative Banks"
  },
  {
    "name": "Bellampally Coop. Urban Bank Ltd.,Bellampally",
    "state": "Lakshadweep",
    "category": "Urban Co-operative Banks"
  },
  {
    "name": "SIRCILLA COOPERETIVE URBAN BANK LTD SIRCILLA",
    "state": "Lakshadweep",
    "category": "Urban Co-operative Banks"
  },
  {
    "name": "The Kanyaka Parameshwari Mutually Aided Coop Urban Bank Ltd.,",
    "state": "Lakshadweep",
    "category": "Urban Co-operative Banks"
  },
  {
    "name": "The Palamoor Cooperative Urban Bank Ltd., Mahabubnagar",
    "state": "Lakshadweep",
    "category": "Urban Co-operative Banks"
  },
  {
    "name": "Navabharath Cooperative Urban Bank",
    "state": "Lakshadweep",
    "category": "Urban Co-operative Banks"
  },
  {
    "name": "Devi Gayatri CUB",
    "state": "Lakshadweep",
    "category": "Urban Co-operative Banks"
  },
  {
    "name": "Praja CUB Ltd",
    "state": "Lakshadweep",
    "category": "Urban Co-operative Banks"
  },
  {
    "name": "Jagruthi Cooperative Urban Bank Ltd",
    "state": "Lakshadweep",
    "category": "Urban Co-operative Banks"
  },
  {
    "name": "The Kranthi CUB",
    "state": "Lakshadweep",
    "category": "Urban Co-operative Banks"
  },
  {
    "name": "Sri Gayatri CUB",
    "state": "Lakshadweep",
    "category": "Urban Co-operative Banks"
  },
  {
    "name": "The Adarsh CUB",
    "state": "Lakshadweep",
    "category": "Urban Co-operative Banks"
  },
  {
    "name": "The Kakatiya CUB",
    "state": "Lakshadweep",
    "category": "Urban Co-operative Banks"
  },
  {
    "name": "Sri Laxmi Mahila CUB",
    "state": "Lakshadweep",
    "category": "Urban Co-operative Banks"
  },
  {
    "name": "Vasundara CUB Ltd",
    "state": "Lakshadweep",
    "category": "Urban Co-operative Banks"
  },
  {
    "name": "The Karimnagar Co-Operative Urban Bank Ltd., Karimnagar",
    "state": "Lakshadweep",
    "category": "Urban Co-operative Banks"
  },
  {
    "name": "Vijaya Mahila CUB",
    "state": "Lakshadweep",
    "category": "Urban Co-operative Banks"
  },
  {
    "name": "Aryan CUB",
    "state": "Lakshadweep",
    "category": "Urban Co-operative Banks"
  },
  {
    "name": "First City CUB",
    "state": "Lakshadweep",
    "category": "Urban Co-operative Banks"
  },
  {
    "name": "Megacity CUB",
    "state": "Lakshadweep",
    "category": "Urban Co-operative Banks"
  },
  {
    "name": "Manikanta CUB",
    "state": "Lakshadweep",
    "category": "Urban Co-operative Banks"
  },
  {
    "name": "Mother Theresa CUB",
    "state": "Lakshadweep",
    "category": "Urban Co-operative Banks"
  },
  {
    "name": "Sravya CUB",
    "state": "Lakshadweep",
    "category": "Urban Co-operative Banks"
  }
]